-- MySQL Script generated by MySQL Workbench
-- 02/13/15 20:17:05
-- Model: New Model    Version: 1.0
SET @OLD_UNIQUE_CHECKS=@@UNIQUE_CHECKS, UNIQUE_CHECKS=0;
SET @OLD_FOREIGN_KEY_CHECKS=@@FOREIGN_KEY_CHECKS, FOREIGN_KEY_CHECKS=0;
SET @OLD_SQL_MODE=@@SQL_MODE, SQL_MODE='TRADITIONAL,ALLOW_INVALID_DATES';

-- -----------------------------------------------------
-- Schema test
-- -----------------------------------------------------
CREATE SCHEMA IF NOT EXISTS `tvSeries` DEFAULT CHARACTER SET utf8 COLLATE utf8_general_ci ;
USE `tvSeries` ;

-- -----------------------------------------------------
-- Table `tvSeries`.`TV_series`
-- -----------------------------------------------------
CREATE TABLE IF NOT EXISTS `tvSeries`.`TV_series` (
  `idTV_series` INT NOT NULL,
  `Name` VARCHAR(45) NOT NULL,
  `Type` VARCHAR(45) NOT NULL,
  `Seasons` VARCHAR(45) NOT NULL,
  `Start_date` DATE NOT NULL,
  `End_date` DATE NULL,
  PRIMARY KEY (`idTV_series`))
ENGINE = InnoDB;


-- -----------------------------------------------------
-- Table `tvSeries`.`Country`
-- -----------------------------------------------------
CREATE TABLE IF NOT EXISTS `tvSeries`.`Country` (
  `idCountry` INT NOT NULL,
  `Name` VARCHAR(45) NOT NULL,
  PRIMARY KEY (`idCountry`))
ENGINE = InnoDB;


-- -----------------------------------------------------
-- Table `tvSeries`.`Network`
-- -----------------------------------------------------
CREATE TABLE IF NOT EXISTS `tvSeries`.`Network` (
  `idNetwork` INT NOT NULL,
  `Name` VARCHAR(45) NOT NULL,
  PRIMARY KEY (`idNetwork`))
ENGINE = InnoDB;


-- -----------------------------------------------------
-- Table `tvSeries`.`Network_has_TV_series`
-- -----------------------------------------------------
CREATE TABLE IF NOT EXISTS `tvSeries`.`Network_has_TV_series` (
  `Network_idNetwork` INT NOT NULL,
  `TV_series_idTV_series` INT NOT NULL,
  PRIMARY KEY (`Network_idNetwork`, `TV_series_idTV_series`),
  INDEX `fk_Network_has_TV_series_TV_series1_idx` (`TV_series_idTV_series` ASC),
  INDEX `fk_Network_has_TV_series_Network1_idx` (`Network_idNetwork` ASC),
  CONSTRAINT `fk_Network_has_TV_series_Network1`
    FOREIGN KEY (`Network_idNetwork`)
    REFERENCES `tvSeries`.`Network` (`idNetwork`)
    ON DELETE NO ACTION
    ON UPDATE NO ACTION,
  CONSTRAINT `fk_Network_has_TV_series_TV_series1`
    FOREIGN KEY (`TV_series_idTV_series`)
    REFERENCES `tvSeries`.`TV_series` (`idTV_series`)
    ON DELETE NO ACTION
    ON UPDATE NO ACTION)
ENGINE = InnoDB;


-- -----------------------------------------------------
-- Table `tvSeries`.`Country_has_TV_series`
-- -----------------------------------------------------
CREATE TABLE IF NOT EXISTS `tvSeries`.`Country_has_TV_series` (
  `Country_idCountry` INT NOT NULL,
  `TV_series_idTV_series` INT NOT NULL,
  PRIMARY KEY (`Country_idCountry`, `TV_series_idTV_series`),
  INDEX `fk_Country_has_TV_series_TV_series1_idx` (`TV_series_idTV_series` ASC),
  INDEX `fk_Country_has_TV_series_Country1_idx` (`Country_idCountry` ASC),
  CONSTRAINT `fk_Country_has_TV_series_Country1`
    FOREIGN KEY (`Country_idCountry`)
    REFERENCES `tvSeries`.`Country` (`idCountry`)
    ON DELETE NO ACTION
    ON UPDATE NO ACTION,
  CONSTRAINT `fk_Country_has_TV_series_TV_series1`
    FOREIGN KEY (`TV_series_idTV_series`)
    REFERENCES `tvSeries`.`TV_series` (`idTV_series`)
    ON DELETE NO ACTION
    ON UPDATE NO ACTION)
ENGINE = InnoDB;

USE tvSeries;

BEGIN;
insert into TV_series (idTV_Series, name, type, seasons, Start_date, End_date) values (1,"Martin", "Sitcom", 5, "1992-08-27", "1997-05-01");
insert into TV_series (idTV_Series, name, type, seasons, Start_date, End_date) values (2,"The A-Team", "Action-adventure", 5, "1983-01-23", "1986-12-30");
insert into TV_series (idTV_Series, name, type, seasons, Start_date, End_date) values (3,"CSI", "Crime drama", 15, "2000-10-20", "2015-02-15");
insert into TV_series (idTV_Series, name, type, seasons, Start_date, End_date) values (4,"Merlin", "Fantasy-adventure", 5, "2008-09-20", "2012-12-24");
insert into TV_series (idTV_Series, name, type, seasons, Start_date, End_date) values (5,"Kommissar Rex", "Crime drama", 10, "1994-11-10", "2004-10-19");

insert into Country (idcountry,name) values (1, "America");
insert into Country (idcountry,name) values (2, "United Kingdom");
insert into Country (idcountry,name) values (3, "Germany");

insert into Network (idnetwork,name) values (1, "FOX");
insert into Network (idnetwork,name) values (2, "NBC");
insert into Network (idnetwork,name) values (3, "CBS");
insert into Network (idnetwork,name) values (4, "BBC One");
insert into Network (idnetwork,name) values (5, "ORF");

insert into Country_has_TV_series values (1,1);
insert into Country_has_TV_series values (1,2);
insert into Country_has_TV_series values (1,3);
insert into Country_has_TV_series values (2,4);
insert into Country_has_TV_series values (3,5);

insert into Network_has_TV_series values (1,1);
insert into Network_has_TV_series values (2,2);
insert into Network_has_TV_series values (3,3);
insert into Network_has_TV_series values (4,4);
insert into Network_has_TV_series values (5,5);



COMMIT;


SET SQL_MODE=@OLD_SQL_MODE;
SET FOREIGN_KEY_CHECKS=@OLD_FOREIGN_KEY_CHECKS;
SET UNIQUE_CHECKS=@OLD_UNIQUE_CHECKS;
